MPN,Price
107.000.60,£39.12
107.000.70,£37.77
107.010.60,£39.12
107.010.70,£37.77
109.000.68,£74.70
109.000.75,£68.12
109.000.77,£74.70
109.010.68,£74.70
109.010.75,£68.12
109.010.77,£74.70
110.000.67,£116.64
110.000.68,£116.64
110.000.75,£106.54
111.000.55,£81.46
111.000.68,£89.37
114.068.15,£42.75
118.000.05,£N/A
118.000.28,£N/A
118.068.14,£43.67
118.068.15,£41.29
118.068.26,£50.34
118.068.27,£50.34
118.068.28,£46.96
118.092.15,£N/A
118.483.14,£N/A
118.483.15,£62.61
118.483.28,£66.35
119.002.68,£N/A
119.003.55,£N/A
119.004.55,£88.15
119.010.54,£N/A
119.068.15,£60.34
119.068.26,£69.89
119.068.27,£69.89
119.068.28,£64.27
119.483.15,£81.96
119.483.28,£86.77
123.100.54,£27.89
123.200.55,£27.89
123.201.94,£N/A
126.052.15,£98.51
128.000.67,£101.06
128.000.68,£101.06
128.000.75,£97.98
129.052.55,£943.08
129.052.67,£950.61
129.052.68,£989.73
133.000.75,£114.71
134.000.75,£114.71
139.000.55,£200.30
139.000.68,£251.80
139.100.55,£200.30
139.100.68,£251.80
140.150.50,£71.72
140.150.60,£104.06
140.950.50,£71.72
140.950.60,£104.06
141.000.55,£355.19
141.000.68,£444.23
141.100.55,£355.19
141.100.68,£444.23
142.000.55,£570.96
142.000.68,£715.00
142.100.55,£570.96
142.100.68,£715.00
144.000.66,£N/A
144.000.67,£171.18
144.000.68,£171.18
144.000.75,£166.43
150.100.55,£80.82
150.100.67,£86.26
150.100.68,£86.26
150.300.55,£80.82
150.300.67,£86.26
150.300.68,£86.26
153.000.54,£182.34
153.000.55,£147.92
153.000.60,£136.41
153.000.66,£182.34
154.000.55,£442.76
160.700.60,£57.05
160.700.74,£57.05
160.700.75,£51.53
161.700.60,£105.22
161.700.70,£87.51
190.000.55,£181.43
190.000.67,£186.89
190.000.68,£186.89
190.010.68,£N/A
190.020.55,£456.00
200.100.00,£19.29
200.200.00,£19.29
200.300.00,£19.29
200.400.00,£19.29
200.500.00,£19.29
201.100.67,£91.04
201.100.68,£91.04
201.100.75,£73.75
201.200.67,£91.04
201.200.68,£91.04
